ID,Text_Number,Name,Description,Contributor,Citation,Examples_Count,Media_Reference
text_01_chapter_05_coconut,1,O overe – The coconut palm,,Joice Maion,Joice Maion. 2026. O overe – The coconut palmIn Ulrike Mosel (ed.). The material culture of the Teop people of Bougainville. Berlin: Language Science Press.,185,
text_02_chapter_06_sago_palm,2,O atovo – The sago palm,,Ruth Sima Rigamu & Joyce Maion,Ruth Sima Rigamu & Joyce Maion. 2026. O atovo – The sago palmIn Ulrike Mosel (ed.). The material culture of the Teop people of Bougainville. Berlin: Language Science Press.,54,
text_03_chapter_07_canoe_tree,3,O sinivi – The canoe tree (Blackboard Tree),,Joyce Maion,Joyce Maion. 2026. O sinivi – The canoe tree (Blackboard Tree)In Ulrike Mosel (ed.). The material culture of the Teop people of Bougainville. Berlin: Language Science Press.,16,
text_04_chapter_08_breadfruit_tree,4,O baneo visoas – The young breadfruit tree,,Ruth Sima Rigamu & Joyce Maion,Ruth Sima Rigamu & Joyce Maion. 2026. O baneo visoas – The young breadfruit treeIn Ulrike Mosel (ed.). The material culture of the Teop people of Bougainville. Berlin: Language Science Press.,29,
text_05_chapter_09_sea_poison_tree,5,O poosusu – The sea poison tree,,Ruth Sima Rigamu & Joyce Maion,Ruth Sima Rigamu & Joyce Maion. 2026. O poosusu – The sea poison treeIn Ulrike Mosel (ed.). The material culture of the Teop people of Bougainville. Berlin: Language Science Press.,9,
text_06_chapter_10_bamboo,6,"Koverau, kururu, koopu – Three kinds of bamboo",,Ruth Sima Rigamu & Joyce Maion,"Ruth Sima Rigamu & Joyce Maion. 2026. Koverau, kururu, koopu – Three kinds of bambooIn Ulrike Mosel (ed.). The material culture of the Teop people of Bougainville. Berlin: Language Science Press.",40,
text_07_chapter_11_vines,7,"Kara naono – Vines, aerial roots, fibres and strings",,Ruth Sima Rigamu & Ondria Tavagaga,"Ruth Sima Rigamu & Ondria Tavagaga. 2026. Kara naono – Vines, aerial roots, fibres and stringsIn Ulrike Mosel (ed.). The material culture of the Teop people of Bougainville. Berlin: Language Science Press.",98,
text_08_chapter_12_hibiscus,8,O kara roge – Hibiscus fibres for making strings,,Joyce Maion,Joyce Maion. 2026. O kara roge – Hibiscus fibres for making stringsIn Ulrike Mosel (ed.). The material culture of the Teop people of Bougainville. Berlin: Language Science Press.,17,
text_09_chapter_13_pandanus,9,Karaa – Pandanus,,Ruth Sima Rigamu ,Ruth Sima Rigamu . 2026. Karaa – PandanusIn Ulrike Mosel (ed.). The material culture of the Teop people of Bougainville. Berlin: Language Science Press.,21,
text_10_chapter_14_giant_pandanus,10,Taovu – The giant pandanus and the hood,,Ruth Sima Rigamu & Joyce Maion,Ruth Sima Rigamu & Joyce Maion. 2026. Taovu – The giant pandanus and the hoodIn Ulrike Mosel (ed.). The material culture of the Teop people of Bougainville. Berlin: Language Science Press.,14,
text_11_chapter_16__frame_of_house,11,A sinoo na inu – The frame of the house,,Enoch Horai Magum,Enoch Horai Magum. 2026. A sinoo na inu – The frame of the houseIn Ulrike Mosel (ed.). The material culture of the Teop people of Bougainville. Berlin: Language Science Press.,42,
text_12_chapter_17_thatch,12,A kiu vaa teo atovo – The work on the sago palm thatch,,Enoch Horai Magum,Enoch Horai Magum. 2026. A kiu vaa teo atovo – The work on the sago palm thatchIn Ulrike Mosel (ed.). The material culture of the Teop people of Bougainville. Berlin: Language Science Press.,44,
text_13_chapter_18_top_thatch,13,O kovuaka – The top thatch sheet,,Enoch Horai Magum,Enoch Horai Magum. 2026. O kovuaka – The top thatch sheetIn Ulrike Mosel (ed.). The material culture of the Teop people of Bougainville. Berlin: Language Science Press.,12,
text_14_chapter_19_bamboo_wall,14,A takinima – The woven bamboo wall,,Enoch Horai Magum,Enoch Horai Magum. 2026. A takinima – The woven bamboo wallIn Ulrike Mosel (ed.). The material culture of the Teop people of Bougainville. Berlin: Language Science Press.,39,
text_15_chapter_20_floor,15,O paranda – The floor,,Enoch Horai Magum,Enoch Horai Magum. 2026. O paranda – The floorIn Ulrike Mosel (ed.). The material culture of the Teop people of Bougainville. Berlin: Language Science Press.,30,
text_16_chapter_22_indigenous_canoe,16,O sinivi suuna – The indigenous canoe,,Mark Tahi & Enoch Horai Magum,Mark Tahi & Enoch Horai Magum. 2026. O sinivi suuna – The indigenous canoeIn Ulrike Mosel (ed.). The material culture of the Teop people of Bougainville. Berlin: Language Science Press.,29,
text_17_chapter_23_float,17,O aga – The outrigger float,,Ruth Sima Rigamu ,Ruth Sima Rigamu . 2026. O aga – The outrigger floatIn Ulrike Mosel (ed.). The material culture of the Teop people of Bougainville. Berlin: Language Science Press.,10,
text_18_chapter_24_potee_canoe,18,O sinivi potee – The imported canoe called potee,,Paul Morekevan & Enoch Horai Magum,Paul Morekevan & Enoch Horai Magum. 2026. O sinivi potee – The imported canoe called poteeIn Ulrike Mosel (ed.). The material culture of the Teop people of Bougainville. Berlin: Language Science Press.,53,
text_19_chapter_26_turtle_fishing,19,A goroto – The turtle,,Naphtali Maion & Ondria Tavagaga,Naphtali Maion & Ondria Tavagaga. 2026. A goroto – The turtleIn Ulrike Mosel (ed.). The material culture of the Teop people of Bougainville. Berlin: Language Science Press.,59,
text_20_chapter_27_turtle_net,20,Kave goroto – The turtle net,,Mark Tahi & Enoch Horai Magum,Mark Tahi & Enoch Horai Magum. 2026. Kave goroto – The turtle netIn Ulrike Mosel (ed.). The material culture of the Teop people of Bougainville. Berlin: Language Science Press.,37,
text_21_chapter_28_launching_the_turtle_net,21,A vaahoa kave goroto – The launching of the turtle net,,Enoch Horai Magum,Enoch Horai Magum. 2026. A vaahoa kave goroto – The launching of the turtle netIn Ulrike Mosel (ed.). The material culture of the Teop people of Bougainville. Berlin: Language Science Press.,15,
text_22_chapter_29_bamboo_frame_net,22,Kakavei – The bamboo frame net,,Naphtali Maion & Ondria Tavagaga,Naphtali Maion & Ondria Tavagaga. 2026. Kakavei – The bamboo frame netIn Ulrike Mosel (ed.). The material culture of the Teop people of Bougainville. Berlin: Language Science Press.,76,
text_23_chapter_30_varigomo_fishing,23,Varigomo – A kind of net fishing at low tide,,Enoch Horai Magum,Enoch Horai Magum. 2026. Varigomo – A kind of net fishing at low tideIn Ulrike Mosel (ed.). The material culture of the Teop people of Bougainville. Berlin: Language Science Press.,18,
text_24_chapter_31_seige_fishing,24,Seige – Fishing with a net fixed on two mangrove poles,,Enoch Horai Magum,Enoch Horai Magum. 2026. Seige – Fishing with a net fixed on two mangrove polesIn Ulrike Mosel (ed.). The material culture of the Teop people of Bougainville. Berlin: Language Science Press.,15,
text_25_chapter_32_tanaa_fishing,25,Tanaa – Fishing in a group during low tide,,Helen Kobaa Magum & Shalom Magum,Helen Kobaa Magum & Shalom Magum. 2026. Tanaa – Fishing in a group during low tideIn Ulrike Mosel (ed.). The material culture of the Teop people of Bougainville. Berlin: Language Science Press.,20,
text_26_chapter_33_angling,26,Vavaaiku – Angling with a swinging bait,,Enoch Horai Magum & Shalom Magum,Enoch Horai Magum & Shalom Magum. 2026. Vavaaiku – Angling with a swinging baitIn Ulrike Mosel (ed.). The material culture of the Teop people of Bougainville. Berlin: Language Science Press.,14,
text_27_chapter_34_kite_fishing,27,Vavaatoa – Kite fishing,,Naphtali Maion ,Naphtali Maion . 2026. Vavaatoa – Kite fishingIn Ulrike Mosel (ed.). The material culture of the Teop people of Bougainville. Berlin: Language Science Press.,26,
text_28_chapter_35_catching_wrasses,28,Vagana haopi – Catching wrasses by hand,,Helen Kobaa Magum & Shalom Magum,Helen Kobaa Magum & Shalom Magum. 2026. Vagana haopi – Catching wrasses by handIn Ulrike Mosel (ed.). The material culture of the Teop people of Bougainville. Berlin: Language Science Press.,20,
text_29_chapter_36_fish_poisoning_leaves,29,Paka suva – Fish poisoning leaves,,"Helen Kobaa Magum, Shalom Magum, & Joyce Maion","Helen Kobaa Magum, Shalom Magum, & Joyce Maion. 2026. Paka suva – Fish poisoning leavesIn Ulrike Mosel (ed.). The material culture of the Teop people of Bougainville. Berlin: Language Science Press.",18,
text_30_chapter_37_fish_poisoning_roots,30,Ana suva – Fish poisoning roots,,"Helen Kobaa Magum, Shalom Magum & Joyce Maion","Helen Kobaa Magum, Shalom Magum & Joyce Maion. 2026. Ana suva – Fish poisoning rootsIn Ulrike Mosel (ed.). The material culture of the Teop people of Bougainville. Berlin: Language Science Press.",20,
text_31_chapter_38_fish_poisoning_sea_cucumbers,31,Suvasuva kokobus – Fish poisoning with sea cucumbers,,"Helen Kobaa Magum, Shalom Magum & Joyce Maion","Helen Kobaa Magum, Shalom Magum & Joyce Maion. 2026. Suvasuva kokobus – Fish poisoning with sea cucumbersIn Ulrike Mosel (ed.). The material culture of the Teop people of Bougainville. Berlin: Language Science Press.",14,
text_32_chapter_39_sea_sausages,32,Hovuhovu iobo – Digging out sea-sausages,,Helen Kobaa Magum & Shalom Magum,Helen Kobaa Magum & Shalom Magum. 2026. Hovuhovu iobo – Digging out sea-sausagesIn Ulrike Mosel (ed.). The material culture of the Teop people of Bougainville. Berlin: Language Science Press.,23,
